images,masks
/Users/aic/Documents/pythorch_projects/Coffee-Semantic-Segmentation/data/processed/images/train/837.jpg,/Users/aic/Documents/pythorch_projects/Coffee-Semantic-Segmentation/data/processed/annotations/train/837_mask.png
/Users/aic/Documents/pythorch_projects/Coffee-Semantic-Segmentation/data/processed/images/train/638.jpg,/Users/aic/Documents/pythorch_projects/Coffee-Semantic-Segmentation/data/processed/annotations/train/638_mask.png
/Users/aic/Documents/pythorch_projects/Coffee-Semantic-Segmentation/data/processed/images/train/176.jpg,/Users/aic/Documents/pythorch_projects/Coffee-Semantic-Segmentation/data/processed/annotations/train/176_mask.png
/Users/aic/Documents/pythorch_projects/Coffee-Semantic-Segmentation/data/processed/images/train/1637.jpg,/Users/aic/Documents/pythorch_projects/Coffee-Semantic-Segmentation/data/processed/annotations/train/1637_mask.png
/Users/aic/Documents/pythorch_projects/Coffee-Semantic-Segmentation/data/processed/images/train/1151.jpg,/Users/aic/Documents/pythorch_projects/Coffee-Semantic-Segmentation/data/processed/annotations/train/1151_mask.png
/Users/aic/Documents/pythorch_projects/Coffee-Semantic-Segmentation/data/processed/images/train/360.jpg,/Users/aic/Documents/pythorch_projects/Coffee-Semantic-Segmentation/data/processed/annotations/train/360_mask.png
/Users/aic/Documents/pythorch_projects/Coffee-Semantic-Segmentation/data/processed/images/train/412.jpg,/Users/aic/Documents/pythorch_projects/Coffee-Semantic-Segmentation/data/processed/annotations/train/412_mask.png
/Users/aic/Documents/pythorch_projects/Coffee-Semantic-Segmentation/data/processed/images/train/1019.jpg,/Users/aic/Documents/pythorch_projects/Coffee-Semantic-Segmentation/data/processed/annotations/train/1019_mask.png
/Users/aic/Documents/pythorch_projects/Coffee-Semantic-Segmentation/data/processed/images/train/1743.jpg,/Users/aic/Documents/pythorch_projects/Coffee-Semantic-Segmentation/data/processed/annotations/train/1743_mask.png
/Users/aic/Documents/pythorch_projects/Coffee-Semantic-Segmentation/data/processed/images/train/228.jpg,/Users/aic/Documents/pythorch_projects/Coffee-Semantic-Segmentation/data/processed/annotations/train/228_mask.png
/Users/aic/Documents/pythorch_projects/Coffee-Semantic-Segmentation/data/processed/images/train/980.jpg,/Users/aic/Documents/pythorch_projects/Coffee-Semantic-Segmentation/data/processed/annotations/train/980_mask.png
/Users/aic/Documents/pythorch_projects/Coffee-Semantic-Segmentation/data/processed/images/train/764.jpg,/Users/aic/Documents/pythorch_projects/Coffee-Semantic-Segmentation/data/processed/annotations/train/764_mask.png
/Users/aic/Documents/pythorch_projects/Coffee-Semantic-Segmentation/data/processed/images/train/981.jpg,/Users/aic/Documents/pythorch_projects/Coffee-Semantic-Segmentation/data/processed/annotations/train/981_mask.png
/Users/aic/Documents/pythorch_projects/Coffee-Semantic-Segmentation/data/processed/images/train/1554.jpg,/Users/aic/Documents/pythorch_projects/Coffee-Semantic-Segmentation/data/processed/annotations/train/1554_mask.png
/Users/aic/Documents/pythorch_projects/Coffee-Semantic-Segmentation/data/processed/images/train/942.jpg,/Users/aic/Documents/pythorch_projects/Coffee-Semantic-Segmentation/data/processed/annotations/train/942_mask.png
/Users/aic/Documents/pythorch_projects/Coffee-Semantic-Segmentation/data/processed/images/train/1030.jpg,/Users/aic/Documents/pythorch_projects/Coffee-Semantic-Segmentation/data/processed/annotations/train/1030_mask.png
/Users/aic/Documents/pythorch_projects/Coffee-Semantic-Segmentation/data/processed/images/train/1742.jpg,/Users/aic/Documents/pythorch_projects/Coffee-Semantic-Segmentation/data/processed/annotations/train/1742_mask.png
/Users/aic/Documents/pythorch_projects/Coffee-Semantic-Segmentation/data/processed/images/train/598.jpg,/Users/aic/Documents/pythorch_projects/Coffee-Semantic-Segmentation/data/processed/annotations/train/598_mask.png
/Users/aic/Documents/pythorch_projects/Coffee-Semantic-Segmentation/data/processed/images/train/1018.jpg,/Users/aic/Documents/pythorch_projects/Coffee-Semantic-Segmentation/data/processed/annotations/train/1018_mask.png
/Users/aic/Documents/pythorch_projects/Coffee-Semantic-Segmentation/data/processed/images/train/413.jpg,/Users/aic/Documents/pythorch_projects/Coffee-Semantic-Segmentation/data/processed/annotations/train/413_mask.png
/Users/aic/Documents/pythorch_projects/Coffee-Semantic-Segmentation/data/processed/images/train/375.jpg,/Users/aic/Documents/pythorch_projects/Coffee-Semantic-Segmentation/data/processed/annotations/train/375_mask.png
/Users/aic/Documents/pythorch_projects/Coffee-Semantic-Segmentation/data/processed/images/train/1193.jpg,/Users/aic/Documents/pythorch_projects/Coffee-Semantic-Segmentation/data/processed/annotations/train/1193_mask.png
/Users/aic/Documents/pythorch_projects/Coffee-Semantic-Segmentation/data/processed/images/train/407.jpg,/Users/aic/Documents/pythorch_projects/Coffee-Semantic-Segmentation/data/processed/annotations/train/407_mask.png
/Users/aic/Documents/pythorch_projects/Coffee-Semantic-Segmentation/data/processed/images/train/1622.jpg,/Users/aic/Documents/pythorch_projects/Coffee-Semantic-Segmentation/data/processed/annotations/train/1622_mask.png
/Users/aic/Documents/pythorch_projects/Coffee-Semantic-Segmentation/data/processed/images/train/1434.jpg,/Users/aic/Documents/pythorch_projects/Coffee-Semantic-Segmentation/data/processed/annotations/train/1434_mask.png
/Users/aic/Documents/pythorch_projects/Coffee-Semantic-Segmentation/data/processed/images/train/76.jpg,/Users/aic/Documents/pythorch_projects/Coffee-Semantic-Segmentation/data/processed/annotations/train/76_mask.png
/Users/aic/Documents/pythorch_projects/Coffee-Semantic-Segmentation/data/processed/images/train/74.jpg,/Users/aic/Documents/pythorch_projects/Coffee-Semantic-Segmentation/data/processed/annotations/train/74_mask.png
/Users/aic/Documents/pythorch_projects/Coffee-Semantic-Segmentation/data/processed/images/train/60.jpg,/Users/aic/Documents/pythorch_projects/Coffee-Semantic-Segmentation/data/processed/annotations/train/60_mask.png
/Users/aic/Documents/pythorch_projects/Coffee-Semantic-Segmentation/data/processed/images/train/808.jpg,/Users/aic/Documents/pythorch_projects/Coffee-Semantic-Segmentation/data/processed/annotations/train/808_mask.png
/Users/aic/Documents/pythorch_projects/Coffee-Semantic-Segmentation/data/processed/images/train/1422.jpg,/Users/aic/Documents/pythorch_projects/Coffee-Semantic-Segmentation/data/processed/annotations/train/1422_mask.png
/Users/aic/Documents/pythorch_projects/Coffee-Semantic-Segmentation/data/processed/images/train/149.jpg,/Users/aic/Documents/pythorch_projects/Coffee-Semantic-Segmentation/data/processed/annotations/train/149_mask.png
/Users/aic/Documents/pythorch_projects/Coffee-Semantic-Segmentation/data/processed/images/train/1387.jpg,/Users/aic/Documents/pythorch_projects/Coffee-Semantic-Segmentation/data/processed/annotations/train/1387_mask.png
/Users/aic/Documents/pythorch_projects/Coffee-Semantic-Segmentation/data/processed/images/train/175.jpg,/Users/aic/Documents/pythorch_projects/Coffee-Semantic-Segmentation/data/processed/annotations/train/175_mask.png
/Users/aic/Documents/pythorch_projects/Coffee-Semantic-Segmentation/data/processed/images/train/388.jpg,/Users/aic/Documents/pythorch_projects/Coffee-Semantic-Segmentation/data/processed/annotations/train/388_mask.png
/Users/aic/Documents/pythorch_projects/Coffee-Semantic-Segmentation/data/processed/images/train/1152.jpg,/Users/aic/Documents/pythorch_projects/Coffee-Semantic-Segmentation/data/processed/annotations/train/1152_mask.png
/Users/aic/Documents/pythorch_projects/Coffee-Semantic-Segmentation/data/processed/images/train/377.jpg,/Users/aic/Documents/pythorch_projects/Coffee-Semantic-Segmentation/data/processed/annotations/train/377_mask.png
/Users/aic/Documents/pythorch_projects/Coffee-Semantic-Segmentation/data/processed/images/train/405.jpg,/Users/aic/Documents/pythorch_projects/Coffee-Semantic-Segmentation/data/processed/annotations/train/405_mask.png
/Users/aic/Documents/pythorch_projects/Coffee-Semantic-Segmentation/data/processed/images/train/363.jpg,/Users/aic/Documents/pythorch_projects/Coffee-Semantic-Segmentation/data/processed/annotations/train/363_mask.png
/Users/aic/Documents/pythorch_projects/Coffee-Semantic-Segmentation/data/processed/images/train/1740.jpg,/Users/aic/Documents/pythorch_projects/Coffee-Semantic-Segmentation/data/processed/annotations/train/1740_mask.png
/Users/aic/Documents/pythorch_projects/Coffee-Semantic-Segmentation/data/processed/images/train/940.jpg,/Users/aic/Documents/pythorch_projects/Coffee-Semantic-Segmentation/data/processed/annotations/train/940_mask.png
/Users/aic/Documents/pythorch_projects/Coffee-Semantic-Segmentation/data/processed/images/train/1218.jpg,/Users/aic/Documents/pythorch_projects/Coffee-Semantic-Segmentation/data/processed/annotations/train/1218_mask.png
/Users/aic/Documents/pythorch_projects/Coffee-Semantic-Segmentation/data/processed/images/train/1230.jpg,/Users/aic/Documents/pythorch_projects/Coffee-Semantic-Segmentation/data/processed/annotations/train/1230_mask.png
/Users/aic/Documents/pythorch_projects/Coffee-Semantic-Segmentation/data/processed/images/train/1542.jpg,/Users/aic/Documents/pythorch_projects/Coffee-Semantic-Segmentation/data/processed/annotations/train/1542_mask.png
/Users/aic/Documents/pythorch_projects/Coffee-Semantic-Segmentation/data/processed/images/train/1581.jpg,/Users/aic/Documents/pythorch_projects/Coffee-Semantic-Segmentation/data/processed/annotations/train/1581_mask.png
/Users/aic/Documents/pythorch_projects/Coffee-Semantic-Segmentation/data/processed/images/train/982.jpg,/Users/aic/Documents/pythorch_projects/Coffee-Semantic-Segmentation/data/processed/annotations/train/982_mask.png
/Users/aic/Documents/pythorch_projects/Coffee-Semantic-Segmentation/data/processed/images/train/1557.jpg,/Users/aic/Documents/pythorch_projects/Coffee-Semantic-Segmentation/data/processed/annotations/train/1557_mask.png
/Users/aic/Documents/pythorch_projects/Coffee-Semantic-Segmentation/data/processed/images/train/941.jpg,/Users/aic/Documents/pythorch_projects/Coffee-Semantic-Segmentation/data/processed/annotations/train/941_mask.png
/Users/aic/Documents/pythorch_projects/Coffee-Semantic-Segmentation/data/processed/images/train/1027.jpg,/Users/aic/Documents/pythorch_projects/Coffee-Semantic-Segmentation/data/processed/annotations/train/1027_mask.png
/Users/aic/Documents/pythorch_projects/Coffee-Semantic-Segmentation/data/processed/images/train/1741.jpg,/Users/aic/Documents/pythorch_projects/Coffee-Semantic-Segmentation/data/processed/annotations/train/1741_mask.png
/Users/aic/Documents/pythorch_projects/Coffee-Semantic-Segmentation/data/processed/images/train/362.jpg,/Users/aic/Documents/pythorch_projects/Coffee-Semantic-Segmentation/data/processed/annotations/train/362_mask.png
/Users/aic/Documents/pythorch_projects/Coffee-Semantic-Segmentation/data/processed/images/train/438.jpg,/Users/aic/Documents/pythorch_projects/Coffee-Semantic-Segmentation/data/processed/annotations/train/438_mask.png
/Users/aic/Documents/pythorch_projects/Coffee-Semantic-Segmentation/data/processed/images/train/389.jpg,/Users/aic/Documents/pythorch_projects/Coffee-Semantic-Segmentation/data/processed/annotations/train/389_mask.png
/Users/aic/Documents/pythorch_projects/Coffee-Semantic-Segmentation/data/processed/images/train/160.jpg,/Users/aic/Documents/pythorch_projects/Coffee-Semantic-Segmentation/data/processed/annotations/train/160_mask.png
/Users/aic/Documents/pythorch_projects/Coffee-Semantic-Segmentation/data/processed/images/train/1392.jpg,/Users/aic/Documents/pythorch_projects/Coffee-Semantic-Segmentation/data/processed/annotations/train/1392_mask.png
/Users/aic/Documents/pythorch_projects/Coffee-Semantic-Segmentation/data/processed/images/train/612.jpg,/Users/aic/Documents/pythorch_projects/Coffee-Semantic-Segmentation/data/processed/annotations/train/612_mask.png
/Users/aic/Documents/pythorch_projects/Coffee-Semantic-Segmentation/data/processed/images/train/49.jpg,/Users/aic/Documents/pythorch_projects/Coffee-Semantic-Segmentation/data/processed/annotations/train/49_mask.png
/Users/aic/Documents/pythorch_projects/Coffee-Semantic-Segmentation/data/processed/images/train/61.jpg,/Users/aic/Documents/pythorch_projects/Coffee-Semantic-Segmentation/data/processed/annotations/train/61_mask.png
/Users/aic/Documents/pythorch_projects/Coffee-Semantic-Segmentation/data/processed/images/train/835.jpg,/Users/aic/Documents/pythorch_projects/Coffee-Semantic-Segmentation/data/processed/annotations/train/835_mask.png
/Users/aic/Documents/pythorch_projects/Coffee-Semantic-Segmentation/data/processed/images/train/819.jpg,/Users/aic/Documents/pythorch_projects/Coffee-Semantic-Segmentation/data/processed/annotations/train/819_mask.png
/Users/aic/Documents/pythorch_projects/Coffee-Semantic-Segmentation/data/processed/images/train/602.jpg,/Users/aic/Documents/pythorch_projects/Coffee-Semantic-Segmentation/data/processed/annotations/train/602_mask.png
/Users/aic/Documents/pythorch_projects/Coffee-Semantic-Segmentation/data/processed/images/train/164.jpg,/Users/aic/Documents/pythorch_projects/Coffee-Semantic-Segmentation/data/processed/annotations/train/164_mask.png
/Users/aic/Documents/pythorch_projects/Coffee-Semantic-Segmentation/data/processed/images/train/372.jpg,/Users/aic/Documents/pythorch_projects/Coffee-Semantic-Segmentation/data/processed/annotations/train/372_mask.png
/Users/aic/Documents/pythorch_projects/Coffee-Semantic-Segmentation/data/processed/images/train/1194.jpg,/Users/aic/Documents/pythorch_projects/Coffee-Semantic-Segmentation/data/processed/annotations/train/1194_mask.png
/Users/aic/Documents/pythorch_projects/Coffee-Semantic-Segmentation/data/processed/images/train/1037.jpg,/Users/aic/Documents/pythorch_projects/Coffee-Semantic-Segmentation/data/processed/annotations/train/1037_mask.png
/Users/aic/Documents/pythorch_projects/Coffee-Semantic-Segmentation/data/processed/images/train/1023.jpg,/Users/aic/Documents/pythorch_projects/Coffee-Semantic-Segmentation/data/processed/annotations/train/1023_mask.png
/Users/aic/Documents/pythorch_projects/Coffee-Semantic-Segmentation/data/processed/images/train/1590.jpg,/Users/aic/Documents/pythorch_projects/Coffee-Semantic-Segmentation/data/processed/annotations/train/1590_mask.png
/Users/aic/Documents/pythorch_projects/Coffee-Semantic-Segmentation/data/processed/images/train/986.jpg,/Users/aic/Documents/pythorch_projects/Coffee-Semantic-Segmentation/data/processed/annotations/train/986_mask.png
/Users/aic/Documents/pythorch_projects/Coffee-Semantic-Segmentation/data/processed/images/train/987.jpg,/Users/aic/Documents/pythorch_projects/Coffee-Semantic-Segmentation/data/processed/annotations/train/987_mask.png
/Users/aic/Documents/pythorch_projects/Coffee-Semantic-Segmentation/data/processed/images/train/1591.jpg,/Users/aic/Documents/pythorch_projects/Coffee-Semantic-Segmentation/data/processed/annotations/train/1591_mask.png
/Users/aic/Documents/pythorch_projects/Coffee-Semantic-Segmentation/data/processed/images/train/1546.jpg,/Users/aic/Documents/pythorch_projects/Coffee-Semantic-Segmentation/data/processed/annotations/train/1546_mask.png
/Users/aic/Documents/pythorch_projects/Coffee-Semantic-Segmentation/data/processed/images/train/575.jpg,/Users/aic/Documents/pythorch_projects/Coffee-Semantic-Segmentation/data/processed/annotations/train/575_mask.png
/Users/aic/Documents/pythorch_projects/Coffee-Semantic-Segmentation/data/processed/images/train/561.jpg,/Users/aic/Documents/pythorch_projects/Coffee-Semantic-Segmentation/data/processed/annotations/train/561_mask.png
/Users/aic/Documents/pythorch_projects/Coffee-Semantic-Segmentation/data/processed/images/train/1744.jpg,/Users/aic/Documents/pythorch_projects/Coffee-Semantic-Segmentation/data/processed/annotations/train/1744_mask.png
/Users/aic/Documents/pythorch_projects/Coffee-Semantic-Segmentation/data/processed/images/train/415.jpg,/Users/aic/Documents/pythorch_projects/Coffee-Semantic-Segmentation/data/processed/annotations/train/415_mask.png
/Users/aic/Documents/pythorch_projects/Coffee-Semantic-Segmentation/data/processed/images/train/1630.jpg,/Users/aic/Documents/pythorch_projects/Coffee-Semantic-Segmentation/data/processed/annotations/train/1630_mask.png
/Users/aic/Documents/pythorch_projects/Coffee-Semantic-Segmentation/data/processed/images/train/1624.jpg,/Users/aic/Documents/pythorch_projects/Coffee-Semantic-Segmentation/data/processed/annotations/train/1624_mask.png
/Users/aic/Documents/pythorch_projects/Coffee-Semantic-Segmentation/data/processed/images/train/159.jpg,/Users/aic/Documents/pythorch_projects/Coffee-Semantic-Segmentation/data/processed/annotations/train/159_mask.png
/Users/aic/Documents/pythorch_projects/Coffee-Semantic-Segmentation/data/processed/images/train/830.jpg,/Users/aic/Documents/pythorch_projects/Coffee-Semantic-Segmentation/data/processed/annotations/train/830_mask.png
/Users/aic/Documents/pythorch_projects/Coffee-Semantic-Segmentation/data/processed/images/train/70.jpg,/Users/aic/Documents/pythorch_projects/Coffee-Semantic-Segmentation/data/processed/annotations/train/70_mask.png
/Users/aic/Documents/pythorch_projects/Coffee-Semantic-Segmentation/data/processed/images/train/58.jpg,/Users/aic/Documents/pythorch_projects/Coffee-Semantic-Segmentation/data/processed/annotations/train/58_mask.png
/Users/aic/Documents/pythorch_projects/Coffee-Semantic-Segmentation/data/processed/images/train/1424.jpg,/Users/aic/Documents/pythorch_projects/Coffee-Semantic-Segmentation/data/processed/annotations/train/1424_mask.png
/Users/aic/Documents/pythorch_projects/Coffee-Semantic-Segmentation/data/processed/images/train/72.jpg,/Users/aic/Documents/pythorch_projects/Coffee-Semantic-Segmentation/data/processed/annotations/train/72_mask.png
/Users/aic/Documents/pythorch_projects/Coffee-Semantic-Segmentation/data/processed/images/train/832.jpg,/Users/aic/Documents/pythorch_projects/Coffee-Semantic-Segmentation/data/processed/annotations/train/832_mask.png
/Users/aic/Documents/pythorch_projects/Coffee-Semantic-Segmentation/data/processed/images/train/1418.jpg,/Users/aic/Documents/pythorch_projects/Coffee-Semantic-Segmentation/data/processed/annotations/train/1418_mask.png
/Users/aic/Documents/pythorch_projects/Coffee-Semantic-Segmentation/data/processed/images/train/99.jpg,/Users/aic/Documents/pythorch_projects/Coffee-Semantic-Segmentation/data/processed/annotations/train/99_mask.png
/Users/aic/Documents/pythorch_projects/Coffee-Semantic-Segmentation/data/processed/images/train/1626.jpg,/Users/aic/Documents/pythorch_projects/Coffee-Semantic-Segmentation/data/processed/annotations/train/1626_mask.png
/Users/aic/Documents/pythorch_projects/Coffee-Semantic-Segmentation/data/processed/images/train/365.jpg,/Users/aic/Documents/pythorch_projects/Coffee-Semantic-Segmentation/data/processed/annotations/train/365_mask.png
/Users/aic/Documents/pythorch_projects/Coffee-Semantic-Segmentation/data/processed/images/train/1183.jpg,/Users/aic/Documents/pythorch_projects/Coffee-Semantic-Segmentation/data/processed/annotations/train/1183_mask.png
/Users/aic/Documents/pythorch_projects/Coffee-Semantic-Segmentation/data/processed/images/train/1544.jpg,/Users/aic/Documents/pythorch_projects/Coffee-Semantic-Segmentation/data/processed/annotations/train/1544_mask.png
/Users/aic/Documents/pythorch_projects/Coffee-Semantic-Segmentation/data/processed/images/train/1550.jpg,/Users/aic/Documents/pythorch_projects/Coffee-Semantic-Segmentation/data/processed/annotations/train/1550_mask.png
/Users/aic/Documents/pythorch_projects/Coffee-Semantic-Segmentation/data/processed/images/train/952.jpg,/Users/aic/Documents/pythorch_projects/Coffee-Semantic-Segmentation/data/processed/annotations/train/952_mask.png
/Users/aic/Documents/pythorch_projects/Coffee-Semantic-Segmentation/data/processed/images/train/990.jpg,/Users/aic/Documents/pythorch_projects/Coffee-Semantic-Segmentation/data/processed/annotations/train/990_mask.png
/Users/aic/Documents/pythorch_projects/Coffee-Semantic-Segmentation/data/processed/images/train/774.jpg,/Users/aic/Documents/pythorch_projects/Coffee-Semantic-Segmentation/data/processed/annotations/train/774_mask.png
/Users/aic/Documents/pythorch_projects/Coffee-Semantic-Segmentation/data/processed/images/train/1579.jpg,/Users/aic/Documents/pythorch_projects/Coffee-Semantic-Segmentation/data/processed/annotations/train/1579_mask.png
/Users/aic/Documents/pythorch_projects/Coffee-Semantic-Segmentation/data/processed/images/train/953.jpg,/Users/aic/Documents/pythorch_projects/Coffee-Semantic-Segmentation/data/processed/annotations/train/953_mask.png
/Users/aic/Documents/pythorch_projects/Coffee-Semantic-Segmentation/data/processed/images/train/238.jpg,/Users/aic/Documents/pythorch_projects/Coffee-Semantic-Segmentation/data/processed/annotations/train/238_mask.png
/Users/aic/Documents/pythorch_projects/Coffee-Semantic-Segmentation/data/processed/images/train/562.jpg,/Users/aic/Documents/pythorch_projects/Coffee-Semantic-Segmentation/data/processed/annotations/train/562_mask.png
/Users/aic/Documents/pythorch_projects/Coffee-Semantic-Segmentation/data/processed/images/train/589.jpg,/Users/aic/Documents/pythorch_projects/Coffee-Semantic-Segmentation/data/processed/annotations/train/589_mask.png
/Users/aic/Documents/pythorch_projects/Coffee-Semantic-Segmentation/data/processed/images/train/1035.jpg,/Users/aic/Documents/pythorch_projects/Coffee-Semantic-Segmentation/data/processed/annotations/train/1035_mask.png
/Users/aic/Documents/pythorch_projects/Coffee-Semantic-Segmentation/data/processed/images/train/1021.jpg,/Users/aic/Documents/pythorch_projects/Coffee-Semantic-Segmentation/data/processed/annotations/train/1021_mask.png
/Users/aic/Documents/pythorch_projects/Coffee-Semantic-Segmentation/data/processed/images/train/358.jpg,/Users/aic/Documents/pythorch_projects/Coffee-Semantic-Segmentation/data/processed/annotations/train/358_mask.png
/Users/aic/Documents/pythorch_projects/Coffee-Semantic-Segmentation/data/processed/images/train/614.jpg,/Users/aic/Documents/pythorch_projects/Coffee-Semantic-Segmentation/data/processed/annotations/train/614_mask.png
/Users/aic/Documents/pythorch_projects/Coffee-Semantic-Segmentation/data/processed/images/train/166.jpg,/Users/aic/Documents/pythorch_projects/Coffee-Semantic-Segmentation/data/processed/annotations/train/166_mask.png
/Users/aic/Documents/pythorch_projects/Coffee-Semantic-Segmentation/data/processed/images/train/600.jpg,/Users/aic/Documents/pythorch_projects/Coffee-Semantic-Segmentation/data/processed/annotations/train/600_mask.png
/Users/aic/Documents/pythorch_projects/Coffee-Semantic-Segmentation/data/processed/images/train/1394.jpg,/Users/aic/Documents/pythorch_projects/Coffee-Semantic-Segmentation/data/processed/annotations/train/1394_mask.png
/Users/aic/Documents/pythorch_projects/Coffee-Semantic-Segmentation/data/processed/images/train/73.jpg,/Users/aic/Documents/pythorch_projects/Coffee-Semantic-Segmentation/data/processed/annotations/train/73_mask.png
/Users/aic/Documents/pythorch_projects/Coffee-Semantic-Segmentation/data/processed/images/train/1425.jpg,/Users/aic/Documents/pythorch_projects/Coffee-Semantic-Segmentation/data/processed/annotations/train/1425_mask.png
/Users/aic/Documents/pythorch_projects/Coffee-Semantic-Segmentation/data/processed/images/train/28.jpg,/Users/aic/Documents/pythorch_projects/Coffee-Semantic-Segmentation/data/processed/annotations/train/28_mask.png
/Users/aic/Documents/pythorch_projects/Coffee-Semantic-Segmentation/data/processed/images/train/1495.jpg,/Users/aic/Documents/pythorch_projects/Coffee-Semantic-Segmentation/data/processed/annotations/train/1495_mask.png
/Users/aic/Documents/pythorch_projects/Coffee-Semantic-Segmentation/data/processed/images/train/101.jpg,/Users/aic/Documents/pythorch_projects/Coffee-Semantic-Segmentation/data/processed/annotations/train/101_mask.png
/Users/aic/Documents/pythorch_projects/Coffee-Semantic-Segmentation/data/processed/images/train/667.jpg,/Users/aic/Documents/pythorch_projects/Coffee-Semantic-Segmentation/data/processed/annotations/train/667_mask.png
/Users/aic/Documents/pythorch_projects/Coffee-Semantic-Segmentation/data/processed/images/train/1654.jpg,/Users/aic/Documents/pythorch_projects/Coffee-Semantic-Segmentation/data/processed/annotations/train/1654_mask.png
/Users/aic/Documents/pythorch_projects/Coffee-Semantic-Segmentation/data/processed/images/train/1683.jpg,/Users/aic/Documents/pythorch_projects/Coffee-Semantic-Segmentation/data/processed/annotations/train/1683_mask.png
/Users/aic/Documents/pythorch_projects/Coffee-Semantic-Segmentation/data/processed/images/train/288.jpg,/Users/aic/Documents/pythorch_projects/Coffee-Semantic-Segmentation/data/processed/annotations/train/288_mask.png
/Users/aic/Documents/pythorch_projects/Coffee-Semantic-Segmentation/data/processed/images/train/539.jpg,/Users/aic/Documents/pythorch_projects/Coffee-Semantic-Segmentation/data/processed/annotations/train/539_mask.png
/Users/aic/Documents/pythorch_projects/Coffee-Semantic-Segmentation/data/processed/images/train/1091.jpg,/Users/aic/Documents/pythorch_projects/Coffee-Semantic-Segmentation/data/processed/annotations/train/1091_mask.png
/Users/aic/Documents/pythorch_projects/Coffee-Semantic-Segmentation/data/processed/images/train/920.jpg,/Users/aic/Documents/pythorch_projects/Coffee-Semantic-Segmentation/data/processed/annotations/train/920_mask.png
/Users/aic/Documents/pythorch_projects/Coffee-Semantic-Segmentation/data/processed/images/train/707.jpg,/Users/aic/Documents/pythorch_projects/Coffee-Semantic-Segmentation/data/processed/annotations/train/707_mask.png
/Users/aic/Documents/pythorch_projects/Coffee-Semantic-Segmentation/data/processed/images/train/1537.jpg,/Users/aic/Documents/pythorch_projects/Coffee-Semantic-Segmentation/data/processed/annotations/train/1537_mask.png
/Users/aic/Documents/pythorch_projects/Coffee-Semantic-Segmentation/data/processed/images/train/510.jpg,/Users/aic/Documents/pythorch_projects/Coffee-Semantic-Segmentation/data/processed/annotations/train/510_mask.png
/Users/aic/Documents/pythorch_projects/Coffee-Semantic-Segmentation/data/processed/images/train/1682.jpg,/Users/aic/Documents/pythorch_projects/Coffee-Semantic-Segmentation/data/processed/annotations/train/1682_mask.png
/Users/aic/Documents/pythorch_projects/Coffee-Semantic-Segmentation/data/processed/images/train/1696.jpg,/Users/aic/Documents/pythorch_projects/Coffee-Semantic-Segmentation/data/processed/annotations/train/1696_mask.png
/Users/aic/Documents/pythorch_projects/Coffee-Semantic-Segmentation/data/processed/images/train/302.jpg,/Users/aic/Documents/pythorch_projects/Coffee-Semantic-Segmentation/data/processed/annotations/train/302_mask.png
/Users/aic/Documents/pythorch_projects/Coffee-Semantic-Segmentation/data/processed/images/train/1641.jpg,/Users/aic/Documents/pythorch_projects/Coffee-Semantic-Segmentation/data/processed/annotations/train/1641_mask.png
/Users/aic/Documents/pythorch_projects/Coffee-Semantic-Segmentation/data/processed/images/train/666.jpg,/Users/aic/Documents/pythorch_projects/Coffee-Semantic-Segmentation/data/processed/annotations/train/666_mask.png
/Users/aic/Documents/pythorch_projects/Coffee-Semantic-Segmentation/data/processed/images/train/855.jpg,/Users/aic/Documents/pythorch_projects/Coffee-Semantic-Segmentation/data/processed/annotations/train/855_mask.png
/Users/aic/Documents/pythorch_projects/Coffee-Semantic-Segmentation/data/processed/images/train/841.jpg,/Users/aic/Documents/pythorch_projects/Coffee-Semantic-Segmentation/data/processed/annotations/train/841_mask.png
/Users/aic/Documents/pythorch_projects/Coffee-Semantic-Segmentation/data/processed/images/train/699.jpg,/Users/aic/Documents/pythorch_projects/Coffee-Semantic-Segmentation/data/processed/annotations/train/699_mask.png
/Users/aic/Documents/pythorch_projects/Coffee-Semantic-Segmentation/data/processed/images/train/1469.jpg,/Users/aic/Documents/pythorch_projects/Coffee-Semantic-Segmentation/data/processed/annotations/train/1469_mask.png
/Users/aic/Documents/pythorch_projects/Coffee-Semantic-Segmentation/data/processed/images/train/1455.jpg,/Users/aic/Documents/pythorch_projects/Coffee-Semantic-Segmentation/data/processed/annotations/train/1455_mask.png
/Users/aic/Documents/pythorch_projects/Coffee-Semantic-Segmentation/data/processed/images/train/880.jpg,/Users/aic/Documents/pythorch_projects/Coffee-Semantic-Segmentation/data/processed/annotations/train/880_mask.png
/Users/aic/Documents/pythorch_projects/Coffee-Semantic-Segmentation/data/processed/images/train/658.jpg,/Users/aic/Documents/pythorch_projects/Coffee-Semantic-Segmentation/data/processed/annotations/train/658_mask.png
/Users/aic/Documents/pythorch_projects/Coffee-Semantic-Segmentation/data/processed/images/train/1482.jpg,/Users/aic/Documents/pythorch_projects/Coffee-Semantic-Segmentation/data/processed/annotations/train/1482_mask.png
/Users/aic/Documents/pythorch_projects/Coffee-Semantic-Segmentation/data/processed/images/train/1496.jpg,/Users/aic/Documents/pythorch_projects/Coffee-Semantic-Segmentation/data/processed/annotations/train/1496_mask.png
/Users/aic/Documents/pythorch_projects/Coffee-Semantic-Segmentation/data/processed/images/train/314.jpg,/Users/aic/Documents/pythorch_projects/Coffee-Semantic-Segmentation/data/processed/annotations/train/314_mask.png
/Users/aic/Documents/pythorch_projects/Coffee-Semantic-Segmentation/data/processed/images/train/1051.jpg,/Users/aic/Documents/pythorch_projects/Coffee-Semantic-Segmentation/data/processed/annotations/train/1051_mask.png
/Users/aic/Documents/pythorch_projects/Coffee-Semantic-Segmentation/data/processed/images/train/1737.jpg,/Users/aic/Documents/pythorch_projects/Coffee-Semantic-Segmentation/data/processed/annotations/train/1737_mask.png
/Users/aic/Documents/pythorch_projects/Coffee-Semantic-Segmentation/data/processed/images/train/248.jpg,/Users/aic/Documents/pythorch_projects/Coffee-Semantic-Segmentation/data/processed/annotations/train/248_mask.png
/Users/aic/Documents/pythorch_projects/Coffee-Semantic-Segmentation/data/processed/images/train/1521.jpg,/Users/aic/Documents/pythorch_projects/Coffee-Semantic-Segmentation/data/processed/annotations/train/1521_mask.png
/Users/aic/Documents/pythorch_projects/Coffee-Semantic-Segmentation/data/processed/images/train/705.jpg,/Users/aic/Documents/pythorch_projects/Coffee-Semantic-Segmentation/data/processed/annotations/train/705_mask.png
/Users/aic/Documents/pythorch_projects/Coffee-Semantic-Segmentation/data/processed/images/train/1534.jpg,/Users/aic/Documents/pythorch_projects/Coffee-Semantic-Segmentation/data/processed/annotations/train/1534_mask.png
/Users/aic/Documents/pythorch_projects/Coffee-Semantic-Segmentation/data/processed/images/train/261.jpg,/Users/aic/Documents/pythorch_projects/Coffee-Semantic-Segmentation/data/processed/annotations/train/261_mask.png
/Users/aic/Documents/pythorch_projects/Coffee-Semantic-Segmentation/data/processed/images/train/1695.jpg,/Users/aic/Documents/pythorch_projects/Coffee-Semantic-Segmentation/data/processed/annotations/train/1695_mask.png
/Users/aic/Documents/pythorch_projects/Coffee-Semantic-Segmentation/data/processed/images/train/473.jpg,/Users/aic/Documents/pythorch_projects/Coffee-Semantic-Segmentation/data/processed/annotations/train/473_mask.png
/Users/aic/Documents/pythorch_projects/Coffee-Semantic-Segmentation/data/processed/images/train/1656.jpg,/Users/aic/Documents/pythorch_projects/Coffee-Semantic-Segmentation/data/processed/annotations/train/1656_mask.png
/Users/aic/Documents/pythorch_projects/Coffee-Semantic-Segmentation/data/processed/images/train/1124.jpg,/Users/aic/Documents/pythorch_projects/Coffee-Semantic-Segmentation/data/processed/annotations/train/1124_mask.png
/Users/aic/Documents/pythorch_projects/Coffee-Semantic-Segmentation/data/processed/images/train/842.jpg,/Users/aic/Documents/pythorch_projects/Coffee-Semantic-Segmentation/data/processed/annotations/train/842_mask.png
/Users/aic/Documents/pythorch_projects/Coffee-Semantic-Segmentation/data/processed/images/train/1468.jpg,/Users/aic/Documents/pythorch_projects/Coffee-Semantic-Segmentation/data/processed/annotations/train/1468_mask.png
/Users/aic/Documents/pythorch_projects/Coffee-Semantic-Segmentation/data/processed/images/train/856.jpg,/Users/aic/Documents/pythorch_projects/Coffee-Semantic-Segmentation/data/processed/annotations/train/856_mask.png
/Users/aic/Documents/pythorch_projects/Coffee-Semantic-Segmentation/data/processed/images/train/1478.jpg,/Users/aic/Documents/pythorch_projects/Coffee-Semantic-Segmentation/data/processed/annotations/train/1478_mask.png
/Users/aic/Documents/pythorch_projects/Coffee-Semantic-Segmentation/data/processed/images/train/1487.jpg,/Users/aic/Documents/pythorch_projects/Coffee-Semantic-Segmentation/data/processed/annotations/train/1487_mask.png
/Users/aic/Documents/pythorch_projects/Coffee-Semantic-Segmentation/data/processed/images/train/661.jpg,/Users/aic/Documents/pythorch_projects/Coffee-Semantic-Segmentation/data/processed/annotations/train/661_mask.png
/Users/aic/Documents/pythorch_projects/Coffee-Semantic-Segmentation/data/processed/images/train/649.jpg,/Users/aic/Documents/pythorch_projects/Coffee-Semantic-Segmentation/data/processed/annotations/train/649_mask.png
/Users/aic/Documents/pythorch_projects/Coffee-Semantic-Segmentation/data/processed/images/train/1646.jpg,/Users/aic/Documents/pythorch_projects/Coffee-Semantic-Segmentation/data/processed/annotations/train/1646_mask.png
/Users/aic/Documents/pythorch_projects/Coffee-Semantic-Segmentation/data/processed/images/train/1134.jpg,/Users/aic/Documents/pythorch_projects/Coffee-Semantic-Segmentation/data/processed/annotations/train/1134_mask.png
/Users/aic/Documents/pythorch_projects/Coffee-Semantic-Segmentation/data/processed/images/train/1685.jpg,/Users/aic/Documents/pythorch_projects/Coffee-Semantic-Segmentation/data/processed/annotations/train/1685_mask.png
/Users/aic/Documents/pythorch_projects/Coffee-Semantic-Segmentation/data/processed/images/train/311.jpg,/Users/aic/Documents/pythorch_projects/Coffee-Semantic-Segmentation/data/processed/annotations/train/311_mask.png
/Users/aic/Documents/pythorch_projects/Coffee-Semantic-Segmentation/data/processed/images/train/463.jpg,/Users/aic/Documents/pythorch_projects/Coffee-Semantic-Segmentation/data/processed/annotations/train/463_mask.png
/Users/aic/Documents/pythorch_projects/Coffee-Semantic-Segmentation/data/processed/images/train/1054.jpg,/Users/aic/Documents/pythorch_projects/Coffee-Semantic-Segmentation/data/processed/annotations/train/1054_mask.png
/Users/aic/Documents/pythorch_projects/Coffee-Semantic-Segmentation/data/processed/images/train/1068.jpg,/Users/aic/Documents/pythorch_projects/Coffee-Semantic-Segmentation/data/processed/annotations/train/1068_mask.png
/Users/aic/Documents/pythorch_projects/Coffee-Semantic-Segmentation/data/processed/images/train/503.jpg,/Users/aic/Documents/pythorch_projects/Coffee-Semantic-Segmentation/data/processed/annotations/train/503_mask.png
/Users/aic/Documents/pythorch_projects/Coffee-Semantic-Segmentation/data/processed/images/train/1083.jpg,/Users/aic/Documents/pythorch_projects/Coffee-Semantic-Segmentation/data/processed/annotations/train/1083_mask.png
/Users/aic/Documents/pythorch_projects/Coffee-Semantic-Segmentation/data/processed/images/train/926.jpg,/Users/aic/Documents/pythorch_projects/Coffee-Semantic-Segmentation/data/processed/annotations/train/926_mask.png
/Users/aic/Documents/pythorch_projects/Coffee-Semantic-Segmentation/data/processed/images/train/1518.jpg,/Users/aic/Documents/pythorch_projects/Coffee-Semantic-Segmentation/data/processed/annotations/train/1518_mask.png
/Users/aic/Documents/pythorch_projects/Coffee-Semantic-Segmentation/data/processed/images/train/715.jpg,/Users/aic/Documents/pythorch_projects/Coffee-Semantic-Segmentation/data/processed/annotations/train/715_mask.png
/Users/aic/Documents/pythorch_projects/Coffee-Semantic-Segmentation/data/processed/images/train/1531.jpg,/Users/aic/Documents/pythorch_projects/Coffee-Semantic-Segmentation/data/processed/annotations/train/1531_mask.png
/Users/aic/Documents/pythorch_projects/Coffee-Semantic-Segmentation/data/processed/images/train/258.jpg,/Users/aic/Documents/pythorch_projects/Coffee-Semantic-Segmentation/data/processed/annotations/train/258_mask.png
/Users/aic/Documents/pythorch_projects/Coffee-Semantic-Segmentation/data/processed/images/train/1069.jpg,/Users/aic/Documents/pythorch_projects/Coffee-Semantic-Segmentation/data/processed/annotations/train/1069_mask.png
/Users/aic/Documents/pythorch_projects/Coffee-Semantic-Segmentation/data/processed/images/train/1041.jpg,/Users/aic/Documents/pythorch_projects/Coffee-Semantic-Segmentation/data/processed/annotations/train/1041_mask.png
/Users/aic/Documents/pythorch_projects/Coffee-Semantic-Segmentation/data/processed/images/train/338.jpg,/Users/aic/Documents/pythorch_projects/Coffee-Semantic-Segmentation/data/processed/annotations/train/338_mask.png
/Users/aic/Documents/pythorch_projects/Coffee-Semantic-Segmentation/data/processed/images/train/462.jpg,/Users/aic/Documents/pythorch_projects/Coffee-Semantic-Segmentation/data/processed/annotations/train/462_mask.png
/Users/aic/Documents/pythorch_projects/Coffee-Semantic-Segmentation/data/processed/images/train/884.jpg,/Users/aic/Documents/pythorch_projects/Coffee-Semantic-Segmentation/data/processed/annotations/train/884_mask.png
/Users/aic/Documents/pythorch_projects/Coffee-Semantic-Segmentation/data/processed/images/train/106.jpg,/Users/aic/Documents/pythorch_projects/Coffee-Semantic-Segmentation/data/processed/annotations/train/106_mask.png
/Users/aic/Documents/pythorch_projects/Coffee-Semantic-Segmentation/data/processed/images/train/1451.jpg,/Users/aic/Documents/pythorch_projects/Coffee-Semantic-Segmentation/data/processed/annotations/train/1451_mask.png
/Users/aic/Documents/pythorch_projects/Coffee-Semantic-Segmentation/data/processed/images/train/879.jpg,/Users/aic/Documents/pythorch_projects/Coffee-Semantic-Segmentation/data/processed/annotations/train/879_mask.png
/Users/aic/Documents/pythorch_projects/Coffee-Semantic-Segmentation/data/processed/images/train/1453.jpg,/Users/aic/Documents/pythorch_projects/Coffee-Semantic-Segmentation/data/processed/annotations/train/1453_mask.png
/Users/aic/Documents/pythorch_projects/Coffee-Semantic-Segmentation/data/processed/images/train/851.jpg,/Users/aic/Documents/pythorch_projects/Coffee-Semantic-Segmentation/data/processed/annotations/train/851_mask.png
/Users/aic/Documents/pythorch_projects/Coffee-Semantic-Segmentation/data/processed/images/train/662.jpg,/Users/aic/Documents/pythorch_projects/Coffee-Semantic-Segmentation/data/processed/annotations/train/662_mask.png
/Users/aic/Documents/pythorch_projects/Coffee-Semantic-Segmentation/data/processed/images/train/1490.jpg,/Users/aic/Documents/pythorch_projects/Coffee-Semantic-Segmentation/data/processed/annotations/train/1490_mask.png
/Users/aic/Documents/pythorch_projects/Coffee-Semantic-Segmentation/data/processed/images/train/1651.jpg,/Users/aic/Documents/pythorch_projects/Coffee-Semantic-Segmentation/data/processed/annotations/train/1651_mask.png
/Users/aic/Documents/pythorch_projects/Coffee-Semantic-Segmentation/data/processed/images/train/1725.jpg,/Users/aic/Documents/pythorch_projects/Coffee-Semantic-Segmentation/data/processed/annotations/train/1725_mask.png
/Users/aic/Documents/pythorch_projects/Coffee-Semantic-Segmentation/data/processed/images/train/1043.jpg,/Users/aic/Documents/pythorch_projects/Coffee-Semantic-Segmentation/data/processed/annotations/train/1043_mask.png
/Users/aic/Documents/pythorch_projects/Coffee-Semantic-Segmentation/data/processed/images/train/1080.jpg,/Users/aic/Documents/pythorch_projects/Coffee-Semantic-Segmentation/data/processed/annotations/train/1080_mask.png
/Users/aic/Documents/pythorch_projects/Coffee-Semantic-Segmentation/data/processed/images/train/1533.jpg,/Users/aic/Documents/pythorch_projects/Coffee-Semantic-Segmentation/data/processed/annotations/train/1533_mask.png
/Users/aic/Documents/pythorch_projects/Coffee-Semantic-Segmentation/data/processed/images/train/703.jpg,/Users/aic/Documents/pythorch_projects/Coffee-Semantic-Segmentation/data/processed/annotations/train/703_mask.png
/Users/aic/Documents/pythorch_projects/Coffee-Semantic-Segmentation/data/processed/images/train/717.jpg,/Users/aic/Documents/pythorch_projects/Coffee-Semantic-Segmentation/data/processed/annotations/train/717_mask.png
/Users/aic/Documents/pythorch_projects/Coffee-Semantic-Segmentation/data/processed/images/train/1526.jpg,/Users/aic/Documents/pythorch_projects/Coffee-Semantic-Segmentation/data/processed/annotations/train/1526_mask.png
/Users/aic/Documents/pythorch_projects/Coffee-Semantic-Segmentation/data/processed/images/train/1693.jpg,/Users/aic/Documents/pythorch_projects/Coffee-Semantic-Segmentation/data/processed/annotations/train/1693_mask.png
/Users/aic/Documents/pythorch_projects/Coffee-Semantic-Segmentation/data/processed/images/train/887.jpg,/Users/aic/Documents/pythorch_projects/Coffee-Semantic-Segmentation/data/processed/annotations/train/887_mask.png
/Users/aic/Documents/pythorch_projects/Coffee-Semantic-Segmentation/data/processed/images/train/1485.jpg,/Users/aic/Documents/pythorch_projects/Coffee-Semantic-Segmentation/data/processed/annotations/train/1485_mask.png
/Users/aic/Documents/pythorch_projects/Coffee-Semantic-Segmentation/data/processed/images/train/1491.jpg,/Users/aic/Documents/pythorch_projects/Coffee-Semantic-Segmentation/data/processed/annotations/train/1491_mask.png
/Users/aic/Documents/pythorch_projects/Coffee-Semantic-Segmentation/data/processed/images/train/850.jpg,/Users/aic/Documents/pythorch_projects/Coffee-Semantic-Segmentation/data/processed/annotations/train/850_mask.png
/Users/aic/Documents/pythorch_projects/Coffee-Semantic-Segmentation/data/processed/images/train/688.jpg,/Users/aic/Documents/pythorch_projects/Coffee-Semantic-Segmentation/data/processed/annotations/train/688_mask.png
/Users/aic/Documents/pythorch_projects/Coffee-Semantic-Segmentation/data/processed/images/train/35.jpg,/Users/aic/Documents/pythorch_projects/Coffee-Semantic-Segmentation/data/processed/annotations/train/35_mask.png
/Users/aic/Documents/pythorch_projects/Coffee-Semantic-Segmentation/data/processed/images/train/875.jpg,/Users/aic/Documents/pythorch_projects/Coffee-Semantic-Segmentation/data/processed/annotations/train/875_mask.png
/Users/aic/Documents/pythorch_projects/Coffee-Semantic-Segmentation/data/processed/images/train/691.jpg,/Users/aic/Documents/pythorch_projects/Coffee-Semantic-Segmentation/data/processed/annotations/train/691_mask.png
/Users/aic/Documents/pythorch_projects/Coffee-Semantic-Segmentation/data/processed/images/train/646.jpg,/Users/aic/Documents/pythorch_projects/Coffee-Semantic-Segmentation/data/processed/annotations/train/646_mask.png
/Users/aic/Documents/pythorch_projects/Coffee-Semantic-Segmentation/data/processed/images/train/1649.jpg,/Users/aic/Documents/pythorch_projects/Coffee-Semantic-Segmentation/data/processed/annotations/train/1649_mask.png
/Users/aic/Documents/pythorch_projects/Coffee-Semantic-Segmentation/data/processed/images/train/493.jpg,/Users/aic/Documents/pythorch_projects/Coffee-Semantic-Segmentation/data/processed/annotations/train/493_mask.png
/Users/aic/Documents/pythorch_projects/Coffee-Semantic-Segmentation/data/processed/images/train/444.jpg,/Users/aic/Documents/pythorch_projects/Coffee-Semantic-Segmentation/data/processed/annotations/train/444_mask.png
/Users/aic/Documents/pythorch_projects/Coffee-Semantic-Segmentation/data/processed/images/train/450.jpg,/Users/aic/Documents/pythorch_projects/Coffee-Semantic-Segmentation/data/processed/annotations/train/450_mask.png
/Users/aic/Documents/pythorch_projects/Coffee-Semantic-Segmentation/data/processed/images/train/295.jpg,/Users/aic/Documents/pythorch_projects/Coffee-Semantic-Segmentation/data/processed/annotations/train/295_mask.png
/Users/aic/Documents/pythorch_projects/Coffee-Semantic-Segmentation/data/processed/images/train/1098.jpg,/Users/aic/Documents/pythorch_projects/Coffee-Semantic-Segmentation/data/processed/annotations/train/1098_mask.png
/Users/aic/Documents/pythorch_projects/Coffee-Semantic-Segmentation/data/processed/images/train/518.jpg,/Users/aic/Documents/pythorch_projects/Coffee-Semantic-Segmentation/data/processed/annotations/train/518_mask.png
/Users/aic/Documents/pythorch_projects/Coffee-Semantic-Segmentation/data/processed/images/train/256.jpg,/Users/aic/Documents/pythorch_projects/Coffee-Semantic-Segmentation/data/processed/annotations/train/256_mask.png
/Users/aic/Documents/pythorch_projects/Coffee-Semantic-Segmentation/data/processed/images/train/732.jpg,/Users/aic/Documents/pythorch_projects/Coffee-Semantic-Segmentation/data/processed/annotations/train/732_mask.png
/Users/aic/Documents/pythorch_projects/Coffee-Semantic-Segmentation/data/processed/images/train/726.jpg,/Users/aic/Documents/pythorch_projects/Coffee-Semantic-Segmentation/data/processed/annotations/train/726_mask.png
/Users/aic/Documents/pythorch_projects/Coffee-Semantic-Segmentation/data/processed/images/train/727.jpg,/Users/aic/Documents/pythorch_projects/Coffee-Semantic-Segmentation/data/processed/annotations/train/727_mask.png
/Users/aic/Documents/pythorch_projects/Coffee-Semantic-Segmentation/data/processed/images/train/914.jpg,/Users/aic/Documents/pythorch_projects/Coffee-Semantic-Segmentation/data/processed/annotations/train/914_mask.png
/Users/aic/Documents/pythorch_projects/Coffee-Semantic-Segmentation/data/processed/images/train/243.jpg,/Users/aic/Documents/pythorch_projects/Coffee-Semantic-Segmentation/data/processed/annotations/train/243_mask.png
/Users/aic/Documents/pythorch_projects/Coffee-Semantic-Segmentation/data/processed/images/train/519.jpg,/Users/aic/Documents/pythorch_projects/Coffee-Semantic-Segmentation/data/processed/annotations/train/519_mask.png
/Users/aic/Documents/pythorch_projects/Coffee-Semantic-Segmentation/data/processed/images/train/1099.jpg,/Users/aic/Documents/pythorch_projects/Coffee-Semantic-Segmentation/data/processed/annotations/train/1099_mask.png
/Users/aic/Documents/pythorch_projects/Coffee-Semantic-Segmentation/data/processed/images/train/1066.jpg,/Users/aic/Documents/pythorch_projects/Coffee-Semantic-Segmentation/data/processed/annotations/train/1066_mask.png
/Users/aic/Documents/pythorch_projects/Coffee-Semantic-Segmentation/data/processed/images/train/1700.jpg,/Users/aic/Documents/pythorch_projects/Coffee-Semantic-Segmentation/data/processed/annotations/train/1700_mask.png
/Users/aic/Documents/pythorch_projects/Coffee-Semantic-Segmentation/data/processed/images/train/1112.jpg,/Users/aic/Documents/pythorch_projects/Coffee-Semantic-Segmentation/data/processed/annotations/train/1112_mask.png
/Users/aic/Documents/pythorch_projects/Coffee-Semantic-Segmentation/data/processed/images/train/848.jpg,/Users/aic/Documents/pythorch_projects/Coffee-Semantic-Segmentation/data/processed/annotations/train/848_mask.png
/Users/aic/Documents/pythorch_projects/Coffee-Semantic-Segmentation/data/processed/images/train/684.jpg,/Users/aic/Documents/pythorch_projects/Coffee-Semantic-Segmentation/data/processed/annotations/train/684_mask.png
/Users/aic/Documents/pythorch_projects/Coffee-Semantic-Segmentation/data/processed/images/train/874.jpg,/Users/aic/Documents/pythorch_projects/Coffee-Semantic-Segmentation/data/processed/annotations/train/874_mask.png
/Users/aic/Documents/pythorch_projects/Coffee-Semantic-Segmentation/data/processed/images/train/686.jpg,/Users/aic/Documents/pythorch_projects/Coffee-Semantic-Segmentation/data/processed/annotations/train/686_mask.png
/Users/aic/Documents/pythorch_projects/Coffee-Semantic-Segmentation/data/processed/images/train/645.jpg,/Users/aic/Documents/pythorch_projects/Coffee-Semantic-Segmentation/data/processed/annotations/train/645_mask.png
/Users/aic/Documents/pythorch_projects/Coffee-Semantic-Segmentation/data/processed/images/train/1662.jpg,/Users/aic/Documents/pythorch_projects/Coffee-Semantic-Segmentation/data/processed/annotations/train/1662_mask.png
/Users/aic/Documents/pythorch_projects/Coffee-Semantic-Segmentation/data/processed/images/train/1110.jpg,/Users/aic/Documents/pythorch_projects/Coffee-Semantic-Segmentation/data/processed/annotations/train/1110_mask.png
/Users/aic/Documents/pythorch_projects/Coffee-Semantic-Segmentation/data/processed/images/train/1070.jpg,/Users/aic/Documents/pythorch_projects/Coffee-Semantic-Segmentation/data/processed/annotations/train/1070_mask.png
/Users/aic/Documents/pythorch_projects/Coffee-Semantic-Segmentation/data/processed/images/train/269.jpg,/Users/aic/Documents/pythorch_projects/Coffee-Semantic-Segmentation/data/processed/annotations/train/269_mask.png
/Users/aic/Documents/pythorch_projects/Coffee-Semantic-Segmentation/data/processed/images/train/902.jpg,/Users/aic/Documents/pythorch_projects/Coffee-Semantic-Segmentation/data/processed/annotations/train/902_mask.png
/Users/aic/Documents/pythorch_projects/Coffee-Semantic-Segmentation/data/processed/images/train/730.jpg,/Users/aic/Documents/pythorch_projects/Coffee-Semantic-Segmentation/data/processed/annotations/train/730_mask.png
/Users/aic/Documents/pythorch_projects/Coffee-Semantic-Segmentation/data/processed/images/train/1529.jpg,/Users/aic/Documents/pythorch_projects/Coffee-Semantic-Segmentation/data/processed/annotations/train/1529_mask.png
/Users/aic/Documents/pythorch_projects/Coffee-Semantic-Segmentation/data/processed/images/train/532.jpg,/Users/aic/Documents/pythorch_projects/Coffee-Semantic-Segmentation/data/processed/annotations/train/532_mask.png
/Users/aic/Documents/pythorch_projects/Coffee-Semantic-Segmentation/data/processed/images/train/526.jpg,/Users/aic/Documents/pythorch_projects/Coffee-Semantic-Segmentation/data/processed/annotations/train/526_mask.png
/Users/aic/Documents/pythorch_projects/Coffee-Semantic-Segmentation/data/processed/images/train/297.jpg,/Users/aic/Documents/pythorch_projects/Coffee-Semantic-Segmentation/data/processed/annotations/train/297_mask.png
/Users/aic/Documents/pythorch_projects/Coffee-Semantic-Segmentation/data/processed/images/train/283.jpg,/Users/aic/Documents/pythorch_projects/Coffee-Semantic-Segmentation/data/processed/annotations/train/283_mask.png
/Users/aic/Documents/pythorch_projects/Coffee-Semantic-Segmentation/data/processed/images/train/1059.jpg,/Users/aic/Documents/pythorch_projects/Coffee-Semantic-Segmentation/data/processed/annotations/train/1059_mask.png
/Users/aic/Documents/pythorch_projects/Coffee-Semantic-Segmentation/data/processed/images/train/1688.jpg,/Users/aic/Documents/pythorch_projects/Coffee-Semantic-Segmentation/data/processed/annotations/train/1688_mask.png
/Users/aic/Documents/pythorch_projects/Coffee-Semantic-Segmentation/data/processed/images/train/687.jpg,/Users/aic/Documents/pythorch_projects/Coffee-Semantic-Segmentation/data/processed/annotations/train/687_mask.png
/Users/aic/Documents/pythorch_projects/Coffee-Semantic-Segmentation/data/processed/images/train/23.jpg,/Users/aic/Documents/pythorch_projects/Coffee-Semantic-Segmentation/data/processed/annotations/train/23_mask.png
/Users/aic/Documents/pythorch_projects/Coffee-Semantic-Segmentation/data/processed/images/train/37.jpg,/Users/aic/Documents/pythorch_projects/Coffee-Semantic-Segmentation/data/processed/annotations/train/37_mask.png
/Users/aic/Documents/pythorch_projects/Coffee-Semantic-Segmentation/data/processed/images/train/697.jpg,/Users/aic/Documents/pythorch_projects/Coffee-Semantic-Segmentation/data/processed/annotations/train/697_mask.png
/Users/aic/Documents/pythorch_projects/Coffee-Semantic-Segmentation/data/processed/images/train/683.jpg,/Users/aic/Documents/pythorch_projects/Coffee-Semantic-Segmentation/data/processed/annotations/train/683_mask.png
/Users/aic/Documents/pythorch_projects/Coffee-Semantic-Segmentation/data/processed/images/train/867.jpg,/Users/aic/Documents/pythorch_projects/Coffee-Semantic-Segmentation/data/processed/annotations/train/867_mask.png
/Users/aic/Documents/pythorch_projects/Coffee-Semantic-Segmentation/data/processed/images/train/898.jpg,/Users/aic/Documents/pythorch_projects/Coffee-Semantic-Segmentation/data/processed/annotations/train/898_mask.png
/Users/aic/Documents/pythorch_projects/Coffee-Semantic-Segmentation/data/processed/images/train/640.jpg,/Users/aic/Documents/pythorch_projects/Coffee-Semantic-Segmentation/data/processed/annotations/train/640_mask.png
/Users/aic/Documents/pythorch_projects/Coffee-Semantic-Segmentation/data/processed/images/train/481.jpg,/Users/aic/Documents/pythorch_projects/Coffee-Semantic-Segmentation/data/processed/annotations/train/481_mask.png
/Users/aic/Documents/pythorch_projects/Coffee-Semantic-Segmentation/data/processed/images/train/324.jpg,/Users/aic/Documents/pythorch_projects/Coffee-Semantic-Segmentation/data/processed/annotations/train/324_mask.png
/Users/aic/Documents/pythorch_projects/Coffee-Semantic-Segmentation/data/processed/images/train/1698.jpg,/Users/aic/Documents/pythorch_projects/Coffee-Semantic-Segmentation/data/processed/annotations/train/1698_mask.png
/Users/aic/Documents/pythorch_projects/Coffee-Semantic-Segmentation/data/processed/images/train/318.jpg,/Users/aic/Documents/pythorch_projects/Coffee-Semantic-Segmentation/data/processed/annotations/train/318_mask.png
/Users/aic/Documents/pythorch_projects/Coffee-Semantic-Segmentation/data/processed/images/train/287.jpg,/Users/aic/Documents/pythorch_projects/Coffee-Semantic-Segmentation/data/processed/annotations/train/287_mask.png
/Users/aic/Documents/pythorch_projects/Coffee-Semantic-Segmentation/data/processed/images/train/1713.jpg,/Users/aic/Documents/pythorch_projects/Coffee-Semantic-Segmentation/data/processed/annotations/train/1713_mask.png
/Users/aic/Documents/pythorch_projects/Coffee-Semantic-Segmentation/data/processed/images/train/1075.jpg,/Users/aic/Documents/pythorch_projects/Coffee-Semantic-Segmentation/data/processed/annotations/train/1075_mask.png
/Users/aic/Documents/pythorch_projects/Coffee-Semantic-Segmentation/data/processed/images/train/522.jpg,/Users/aic/Documents/pythorch_projects/Coffee-Semantic-Segmentation/data/processed/annotations/train/522_mask.png
/Users/aic/Documents/pythorch_projects/Coffee-Semantic-Segmentation/data/processed/images/train/250.jpg,/Users/aic/Documents/pythorch_projects/Coffee-Semantic-Segmentation/data/processed/annotations/train/250_mask.png
/Users/aic/Documents/pythorch_projects/Coffee-Semantic-Segmentation/data/processed/images/train/278.jpg,/Users/aic/Documents/pythorch_projects/Coffee-Semantic-Segmentation/data/processed/annotations/train/278_mask.png
/Users/aic/Documents/pythorch_projects/Coffee-Semantic-Segmentation/data/processed/images/train/1511.jpg,/Users/aic/Documents/pythorch_projects/Coffee-Semantic-Segmentation/data/processed/annotations/train/1511_mask.png
/Users/aic/Documents/pythorch_projects/Coffee-Semantic-Segmentation/data/processed/images/train/734.jpg,/Users/aic/Documents/pythorch_projects/Coffee-Semantic-Segmentation/data/processed/annotations/train/734_mask.png
/Users/aic/Documents/pythorch_projects/Coffee-Semantic-Segmentation/data/processed/images/train/709.jpg,/Users/aic/Documents/pythorch_projects/Coffee-Semantic-Segmentation/data/processed/annotations/train/709_mask.png
/Users/aic/Documents/pythorch_projects/Coffee-Semantic-Segmentation/data/processed/images/train/735.jpg,/Users/aic/Documents/pythorch_projects/Coffee-Semantic-Segmentation/data/processed/annotations/train/735_mask.png
/Users/aic/Documents/pythorch_projects/Coffee-Semantic-Segmentation/data/processed/images/train/721.jpg,/Users/aic/Documents/pythorch_projects/Coffee-Semantic-Segmentation/data/processed/annotations/train/721_mask.png
/Users/aic/Documents/pythorch_projects/Coffee-Semantic-Segmentation/data/processed/images/train/912.jpg,/Users/aic/Documents/pythorch_projects/Coffee-Semantic-Segmentation/data/processed/annotations/train/912_mask.png
/Users/aic/Documents/pythorch_projects/Coffee-Semantic-Segmentation/data/processed/images/train/279.jpg,/Users/aic/Documents/pythorch_projects/Coffee-Semantic-Segmentation/data/processed/annotations/train/279_mask.png
/Users/aic/Documents/pythorch_projects/Coffee-Semantic-Segmentation/data/processed/images/train/1048.jpg,/Users/aic/Documents/pythorch_projects/Coffee-Semantic-Segmentation/data/processed/annotations/train/1048_mask.png
/Users/aic/Documents/pythorch_projects/Coffee-Semantic-Segmentation/data/processed/images/train/1699.jpg,/Users/aic/Documents/pythorch_projects/Coffee-Semantic-Segmentation/data/processed/annotations/train/1699_mask.png
/Users/aic/Documents/pythorch_projects/Coffee-Semantic-Segmentation/data/processed/images/train/325.jpg,/Users/aic/Documents/pythorch_projects/Coffee-Semantic-Segmentation/data/processed/annotations/train/325_mask.png
/Users/aic/Documents/pythorch_projects/Coffee-Semantic-Segmentation/data/processed/images/train/480.jpg,/Users/aic/Documents/pythorch_projects/Coffee-Semantic-Segmentation/data/processed/annotations/train/480_mask.png
/Users/aic/Documents/pythorch_projects/Coffee-Semantic-Segmentation/data/processed/images/train/1666.jpg,/Users/aic/Documents/pythorch_projects/Coffee-Semantic-Segmentation/data/processed/annotations/train/1666_mask.png
/Users/aic/Documents/pythorch_projects/Coffee-Semantic-Segmentation/data/processed/images/train/32.jpg,/Users/aic/Documents/pythorch_projects/Coffee-Semantic-Segmentation/data/processed/annotations/train/32_mask.png
/Users/aic/Documents/pythorch_projects/Coffee-Semantic-Segmentation/data/processed/images/train/1470.jpg,/Users/aic/Documents/pythorch_projects/Coffee-Semantic-Segmentation/data/processed/annotations/train/1470_mask.png
/Users/aic/Documents/pythorch_projects/Coffee-Semantic-Segmentation/data/processed/images/train/1464.jpg,/Users/aic/Documents/pythorch_projects/Coffee-Semantic-Segmentation/data/processed/annotations/train/1464_mask.png
/Users/aic/Documents/pythorch_projects/Coffee-Semantic-Segmentation/data/processed/images/train/24.jpg,/Users/aic/Documents/pythorch_projects/Coffee-Semantic-Segmentation/data/processed/annotations/train/24_mask.png
/Users/aic/Documents/pythorch_projects/Coffee-Semantic-Segmentation/data/processed/images/train/864.jpg,/Users/aic/Documents/pythorch_projects/Coffee-Semantic-Segmentation/data/processed/annotations/train/864_mask.png
/Users/aic/Documents/pythorch_projects/Coffee-Semantic-Segmentation/data/processed/images/train/30.jpg,/Users/aic/Documents/pythorch_projects/Coffee-Semantic-Segmentation/data/processed/annotations/train/30_mask.png
/Users/aic/Documents/pythorch_projects/Coffee-Semantic-Segmentation/data/processed/images/train/870.jpg,/Users/aic/Documents/pythorch_projects/Coffee-Semantic-Segmentation/data/processed/annotations/train/870_mask.png
/Users/aic/Documents/pythorch_projects/Coffee-Semantic-Segmentation/data/processed/images/train/1664.jpg,/Users/aic/Documents/pythorch_projects/Coffee-Semantic-Segmentation/data/processed/annotations/train/1664_mask.png
/Users/aic/Documents/pythorch_projects/Coffee-Semantic-Segmentation/data/processed/images/train/333.jpg,/Users/aic/Documents/pythorch_projects/Coffee-Semantic-Segmentation/data/processed/annotations/train/333_mask.png
/Users/aic/Documents/pythorch_projects/Coffee-Semantic-Segmentation/data/processed/images/train/469.jpg,/Users/aic/Documents/pythorch_projects/Coffee-Semantic-Segmentation/data/processed/annotations/train/469_mask.png
/Users/aic/Documents/pythorch_projects/Coffee-Semantic-Segmentation/data/processed/images/train/284.jpg,/Users/aic/Documents/pythorch_projects/Coffee-Semantic-Segmentation/data/processed/annotations/train/284_mask.png
/Users/aic/Documents/pythorch_projects/Coffee-Semantic-Segmentation/data/processed/images/train/1710.jpg,/Users/aic/Documents/pythorch_projects/Coffee-Semantic-Segmentation/data/processed/annotations/train/1710_mask.png
/Users/aic/Documents/pythorch_projects/Coffee-Semantic-Segmentation/data/processed/images/train/253.jpg,/Users/aic/Documents/pythorch_projects/Coffee-Semantic-Segmentation/data/processed/annotations/train/253_mask.png
/Users/aic/Documents/pythorch_projects/Coffee-Semantic-Segmentation/data/processed/images/train/910.jpg,/Users/aic/Documents/pythorch_projects/Coffee-Semantic-Segmentation/data/processed/annotations/train/910_mask.png
/Users/aic/Documents/pythorch_projects/Coffee-Semantic-Segmentation/data/processed/images/train/722.jpg,/Users/aic/Documents/pythorch_projects/Coffee-Semantic-Segmentation/data/processed/annotations/train/722_mask.png
/Users/aic/Documents/pythorch_projects/Coffee-Semantic-Segmentation/data/processed/images/train/736.jpg,/Users/aic/Documents/pythorch_projects/Coffee-Semantic-Segmentation/data/processed/annotations/train/736_mask.png
/Users/aic/Documents/pythorch_projects/Coffee-Semantic-Segmentation/data/processed/images/train/911.jpg,/Users/aic/Documents/pythorch_projects/Coffee-Semantic-Segmentation/data/processed/annotations/train/911_mask.png
/Users/aic/Documents/pythorch_projects/Coffee-Semantic-Segmentation/data/processed/images/train/1088.jpg,/Users/aic/Documents/pythorch_projects/Coffee-Semantic-Segmentation/data/processed/annotations/train/1088_mask.png
/Users/aic/Documents/pythorch_projects/Coffee-Semantic-Segmentation/data/processed/images/train/508.jpg,/Users/aic/Documents/pythorch_projects/Coffee-Semantic-Segmentation/data/processed/annotations/train/508_mask.png
/Users/aic/Documents/pythorch_projects/Coffee-Semantic-Segmentation/data/processed/images/train/246.jpg,/Users/aic/Documents/pythorch_projects/Coffee-Semantic-Segmentation/data/processed/annotations/train/246_mask.png
/Users/aic/Documents/pythorch_projects/Coffee-Semantic-Segmentation/data/processed/images/train/285.jpg,/Users/aic/Documents/pythorch_projects/Coffee-Semantic-Segmentation/data/processed/annotations/train/285_mask.png
/Users/aic/Documents/pythorch_projects/Coffee-Semantic-Segmentation/data/processed/images/train/1063.jpg,/Users/aic/Documents/pythorch_projects/Coffee-Semantic-Segmentation/data/processed/annotations/train/1063_mask.png
/Users/aic/Documents/pythorch_projects/Coffee-Semantic-Segmentation/data/processed/images/train/440.jpg,/Users/aic/Documents/pythorch_projects/Coffee-Semantic-Segmentation/data/processed/annotations/train/440_mask.png
/Users/aic/Documents/pythorch_projects/Coffee-Semantic-Segmentation/data/processed/images/train/656.jpg,/Users/aic/Documents/pythorch_projects/Coffee-Semantic-Segmentation/data/processed/annotations/train/656_mask.png
/Users/aic/Documents/pythorch_projects/Coffee-Semantic-Segmentation/data/processed/images/train/642.jpg,/Users/aic/Documents/pythorch_projects/Coffee-Semantic-Segmentation/data/processed/annotations/train/642_mask.png
/Users/aic/Documents/pythorch_projects/Coffee-Semantic-Segmentation/data/processed/images/train/4.jpg,/Users/aic/Documents/pythorch_projects/Coffee-Semantic-Segmentation/data/processed/annotations/train/4_mask.png
/Users/aic/Documents/pythorch_projects/Coffee-Semantic-Segmentation/data/processed/images/train/56.jpg,/Users/aic/Documents/pythorch_projects/Coffee-Semantic-Segmentation/data/processed/annotations/train/56_mask.png
/Users/aic/Documents/pythorch_projects/Coffee-Semantic-Segmentation/data/processed/images/train/81.jpg,/Users/aic/Documents/pythorch_projects/Coffee-Semantic-Segmentation/data/processed/annotations/train/81_mask.png
/Users/aic/Documents/pythorch_projects/Coffee-Semantic-Segmentation/data/processed/images/train/95.jpg,/Users/aic/Documents/pythorch_projects/Coffee-Semantic-Segmentation/data/processed/annotations/train/95_mask.png
/Users/aic/Documents/pythorch_projects/Coffee-Semantic-Segmentation/data/processed/images/train/157.jpg,/Users/aic/Documents/pythorch_projects/Coffee-Semantic-Segmentation/data/processed/annotations/train/157_mask.png
/Users/aic/Documents/pythorch_projects/Coffee-Semantic-Segmentation/data/processed/images/train/631.jpg,/Users/aic/Documents/pythorch_projects/Coffee-Semantic-Segmentation/data/processed/annotations/train/631_mask.png
/Users/aic/Documents/pythorch_projects/Coffee-Semantic-Segmentation/data/processed/images/train/1602.jpg,/Users/aic/Documents/pythorch_projects/Coffee-Semantic-Segmentation/data/processed/annotations/train/1602_mask.png
/Users/aic/Documents/pythorch_projects/Coffee-Semantic-Segmentation/data/processed/images/train/341.jpg,/Users/aic/Documents/pythorch_projects/Coffee-Semantic-Segmentation/data/processed/annotations/train/341_mask.png
/Users/aic/Documents/pythorch_projects/Coffee-Semantic-Segmentation/data/processed/images/train/433.jpg,/Users/aic/Documents/pythorch_projects/Coffee-Semantic-Segmentation/data/processed/annotations/train/433_mask.png
/Users/aic/Documents/pythorch_projects/Coffee-Semantic-Segmentation/data/processed/images/train/1010.jpg,/Users/aic/Documents/pythorch_projects/Coffee-Semantic-Segmentation/data/processed/annotations/train/1010_mask.png
/Users/aic/Documents/pythorch_projects/Coffee-Semantic-Segmentation/data/processed/images/train/1548.jpg,/Users/aic/Documents/pythorch_projects/Coffee-Semantic-Segmentation/data/processed/annotations/train/1548_mask.png
/Users/aic/Documents/pythorch_projects/Coffee-Semantic-Segmentation/data/processed/images/train/1574.jpg,/Users/aic/Documents/pythorch_projects/Coffee-Semantic-Segmentation/data/processed/annotations/train/1574_mask.png
/Users/aic/Documents/pythorch_projects/Coffee-Semantic-Segmentation/data/processed/images/train/779.jpg,/Users/aic/Documents/pythorch_projects/Coffee-Semantic-Segmentation/data/processed/annotations/train/779_mask.png
/Users/aic/Documents/pythorch_projects/Coffee-Semantic-Segmentation/data/processed/images/train/751.jpg,/Users/aic/Documents/pythorch_projects/Coffee-Semantic-Segmentation/data/processed/annotations/train/751_mask.png
/Users/aic/Documents/pythorch_projects/Coffee-Semantic-Segmentation/data/processed/images/train/745.jpg,/Users/aic/Documents/pythorch_projects/Coffee-Semantic-Segmentation/data/processed/annotations/train/745_mask.png
/Users/aic/Documents/pythorch_projects/Coffee-Semantic-Segmentation/data/processed/images/train/744.jpg,/Users/aic/Documents/pythorch_projects/Coffee-Semantic-Segmentation/data/processed/annotations/train/744_mask.png
/Users/aic/Documents/pythorch_projects/Coffee-Semantic-Segmentation/data/processed/images/train/988.jpg,/Users/aic/Documents/pythorch_projects/Coffee-Semantic-Segmentation/data/processed/annotations/train/988_mask.png
/Users/aic/Documents/pythorch_projects/Coffee-Semantic-Segmentation/data/processed/images/train/750.jpg,/Users/aic/Documents/pythorch_projects/Coffee-Semantic-Segmentation/data/processed/annotations/train/750_mask.png
/Users/aic/Documents/pythorch_projects/Coffee-Semantic-Segmentation/data/processed/images/train/1561.jpg,/Users/aic/Documents/pythorch_projects/Coffee-Semantic-Segmentation/data/processed/annotations/train/1561_mask.png
/Users/aic/Documents/pythorch_projects/Coffee-Semantic-Segmentation/data/processed/images/train/220.jpg,/Users/aic/Documents/pythorch_projects/Coffee-Semantic-Segmentation/data/processed/annotations/train/220_mask.png
/Users/aic/Documents/pythorch_projects/Coffee-Semantic-Segmentation/data/processed/images/train/208.jpg,/Users/aic/Documents/pythorch_projects/Coffee-Semantic-Segmentation/data/processed/annotations/train/208_mask.png
/Users/aic/Documents/pythorch_projects/Coffee-Semantic-Segmentation/data/processed/images/train/354.jpg,/Users/aic/Documents/pythorch_projects/Coffee-Semantic-Segmentation/data/processed/annotations/train/354_mask.png
/Users/aic/Documents/pythorch_projects/Coffee-Semantic-Segmentation/data/processed/images/train/340.jpg,/Users/aic/Documents/pythorch_projects/Coffee-Semantic-Segmentation/data/processed/annotations/train/340_mask.png
/Users/aic/Documents/pythorch_projects/Coffee-Semantic-Segmentation/data/processed/images/train/426.jpg,/Users/aic/Documents/pythorch_projects/Coffee-Semantic-Segmentation/data/processed/annotations/train/426_mask.png
/Users/aic/Documents/pythorch_projects/Coffee-Semantic-Segmentation/data/processed/images/train/397.jpg,/Users/aic/Documents/pythorch_projects/Coffee-Semantic-Segmentation/data/processed/annotations/train/397_mask.png
/Users/aic/Documents/pythorch_projects/Coffee-Semantic-Segmentation/data/processed/images/train/1398.jpg,/Users/aic/Documents/pythorch_projects/Coffee-Semantic-Segmentation/data/processed/annotations/train/1398_mask.png
/Users/aic/Documents/pythorch_projects/Coffee-Semantic-Segmentation/data/processed/images/train/94.jpg,/Users/aic/Documents/pythorch_projects/Coffee-Semantic-Segmentation/data/processed/annotations/train/94_mask.png
/Users/aic/Documents/pythorch_projects/Coffee-Semantic-Segmentation/data/processed/images/train/1401.jpg,/Users/aic/Documents/pythorch_projects/Coffee-Semantic-Segmentation/data/processed/annotations/train/1401_mask.png
/Users/aic/Documents/pythorch_projects/Coffee-Semantic-Segmentation/data/processed/images/train/1415.jpg,/Users/aic/Documents/pythorch_projects/Coffee-Semantic-Segmentation/data/processed/annotations/train/1415_mask.png
/Users/aic/Documents/pythorch_projects/Coffee-Semantic-Segmentation/data/processed/images/train/817.jpg,/Users/aic/Documents/pythorch_projects/Coffee-Semantic-Segmentation/data/processed/annotations/train/817_mask.png
/Users/aic/Documents/pythorch_projects/Coffee-Semantic-Segmentation/data/processed/images/train/803.jpg,/Users/aic/Documents/pythorch_projects/Coffee-Semantic-Segmentation/data/processed/annotations/train/803_mask.png
/Users/aic/Documents/pythorch_projects/Coffee-Semantic-Segmentation/data/processed/images/train/55.jpg,/Users/aic/Documents/pythorch_projects/Coffee-Semantic-Segmentation/data/processed/annotations/train/55_mask.png
/Users/aic/Documents/pythorch_projects/Coffee-Semantic-Segmentation/data/processed/images/train/815.jpg,/Users/aic/Documents/pythorch_projects/Coffee-Semantic-Segmentation/data/processed/annotations/train/815_mask.png
/Users/aic/Documents/pythorch_projects/Coffee-Semantic-Segmentation/data/processed/images/train/41.jpg,/Users/aic/Documents/pythorch_projects/Coffee-Semantic-Segmentation/data/processed/annotations/train/41_mask.png
/Users/aic/Documents/pythorch_projects/Coffee-Semantic-Segmentation/data/processed/images/train/829.jpg,/Users/aic/Documents/pythorch_projects/Coffee-Semantic-Segmentation/data/processed/annotations/train/829_mask.png
/Users/aic/Documents/pythorch_projects/Coffee-Semantic-Segmentation/data/processed/images/train/1403.jpg,/Users/aic/Documents/pythorch_projects/Coffee-Semantic-Segmentation/data/processed/annotations/train/1403_mask.png
/Users/aic/Documents/pythorch_projects/Coffee-Semantic-Segmentation/data/processed/images/train/1417.jpg,/Users/aic/Documents/pythorch_projects/Coffee-Semantic-Segmentation/data/processed/annotations/train/1417_mask.png
/Users/aic/Documents/pythorch_projects/Coffee-Semantic-Segmentation/data/processed/images/train/96.jpg,/Users/aic/Documents/pythorch_projects/Coffee-Semantic-Segmentation/data/processed/annotations/train/96_mask.png
/Users/aic/Documents/pythorch_projects/Coffee-Semantic-Segmentation/data/processed/images/train/356.jpg,/Users/aic/Documents/pythorch_projects/Coffee-Semantic-Segmentation/data/processed/annotations/train/356_mask.png
/Users/aic/Documents/pythorch_projects/Coffee-Semantic-Segmentation/data/processed/images/train/342.jpg,/Users/aic/Documents/pythorch_projects/Coffee-Semantic-Segmentation/data/processed/annotations/train/342_mask.png
/Users/aic/Documents/pythorch_projects/Coffee-Semantic-Segmentation/data/processed/images/train/587.jpg,/Users/aic/Documents/pythorch_projects/Coffee-Semantic-Segmentation/data/processed/annotations/train/587_mask.png
/Users/aic/Documents/pythorch_projects/Coffee-Semantic-Segmentation/data/processed/images/train/1007.jpg,/Users/aic/Documents/pythorch_projects/Coffee-Semantic-Segmentation/data/processed/annotations/train/1007_mask.png
/Users/aic/Documents/pythorch_projects/Coffee-Semantic-Segmentation/data/processed/images/train/222.jpg,/Users/aic/Documents/pythorch_projects/Coffee-Semantic-Segmentation/data/processed/annotations/train/222_mask.png
/Users/aic/Documents/pythorch_projects/Coffee-Semantic-Segmentation/data/processed/images/train/746.jpg,/Users/aic/Documents/pythorch_projects/Coffee-Semantic-Segmentation/data/processed/annotations/train/746_mask.png
/Users/aic/Documents/pythorch_projects/Coffee-Semantic-Segmentation/data/processed/images/train/1589.jpg,/Users/aic/Documents/pythorch_projects/Coffee-Semantic-Segmentation/data/processed/annotations/train/1589_mask.png
/Users/aic/Documents/pythorch_projects/Coffee-Semantic-Segmentation/data/processed/images/train/784.jpg,/Users/aic/Documents/pythorch_projects/Coffee-Semantic-Segmentation/data/processed/annotations/train/784_mask.png
/Users/aic/Documents/pythorch_projects/Coffee-Semantic-Segmentation/data/processed/images/train/1006.jpg,/Users/aic/Documents/pythorch_projects/Coffee-Semantic-Segmentation/data/processed/annotations/train/1006_mask.png
/Users/aic/Documents/pythorch_projects/Coffee-Semantic-Segmentation/data/processed/images/train/343.jpg,/Users/aic/Documents/pythorch_projects/Coffee-Semantic-Segmentation/data/processed/annotations/train/343_mask.png
/Users/aic/Documents/pythorch_projects/Coffee-Semantic-Segmentation/data/processed/images/train/1614.jpg,/Users/aic/Documents/pythorch_projects/Coffee-Semantic-Segmentation/data/processed/annotations/train/1614_mask.png
/Users/aic/Documents/pythorch_projects/Coffee-Semantic-Segmentation/data/processed/images/train/1370.jpg,/Users/aic/Documents/pythorch_projects/Coffee-Semantic-Segmentation/data/processed/annotations/train/1370_mask.png
/Users/aic/Documents/pythorch_projects/Coffee-Semantic-Segmentation/data/processed/images/train/54.jpg,/Users/aic/Documents/pythorch_projects/Coffee-Semantic-Segmentation/data/processed/annotations/train/54_mask.png
/Users/aic/Documents/pythorch_projects/Coffee-Semantic-Segmentation/data/processed/images/train/186.jpg,/Users/aic/Documents/pythorch_projects/Coffee-Semantic-Segmentation/data/processed/annotations/train/186_mask.png
/Users/aic/Documents/pythorch_projects/Coffee-Semantic-Segmentation/data/processed/images/train/810.jpg,/Users/aic/Documents/pythorch_projects/Coffee-Semantic-Segmentation/data/processed/annotations/train/810_mask.png
/Users/aic/Documents/pythorch_projects/Coffee-Semantic-Segmentation/data/processed/images/train/93.jpg,/Users/aic/Documents/pythorch_projects/Coffee-Semantic-Segmentation/data/processed/annotations/train/93_mask.png
/Users/aic/Documents/pythorch_projects/Coffee-Semantic-Segmentation/data/processed/images/train/1604.jpg,/Users/aic/Documents/pythorch_projects/Coffee-Semantic-Segmentation/data/processed/annotations/train/1604_mask.png
/Users/aic/Documents/pythorch_projects/Coffee-Semantic-Segmentation/data/processed/images/train/384.jpg,/Users/aic/Documents/pythorch_projects/Coffee-Semantic-Segmentation/data/processed/annotations/train/384_mask.png
/Users/aic/Documents/pythorch_projects/Coffee-Semantic-Segmentation/data/processed/images/train/1638.jpg,/Users/aic/Documents/pythorch_projects/Coffee-Semantic-Segmentation/data/processed/annotations/train/1638_mask.png
/Users/aic/Documents/pythorch_projects/Coffee-Semantic-Segmentation/data/processed/images/train/353.jpg,/Users/aic/Documents/pythorch_projects/Coffee-Semantic-Segmentation/data/processed/annotations/train/353_mask.png
/Users/aic/Documents/pythorch_projects/Coffee-Semantic-Segmentation/data/processed/images/train/421.jpg,/Users/aic/Documents/pythorch_projects/Coffee-Semantic-Segmentation/data/processed/annotations/train/421_mask.png
/Users/aic/Documents/pythorch_projects/Coffee-Semantic-Segmentation/data/processed/images/train/409.jpg,/Users/aic/Documents/pythorch_projects/Coffee-Semantic-Segmentation/data/processed/annotations/train/409_mask.png
/Users/aic/Documents/pythorch_projects/Coffee-Semantic-Segmentation/data/processed/images/train/582.jpg,/Users/aic/Documents/pythorch_projects/Coffee-Semantic-Segmentation/data/processed/annotations/train/582_mask.png
/Users/aic/Documents/pythorch_projects/Coffee-Semantic-Segmentation/data/processed/images/train/1002.jpg,/Users/aic/Documents/pythorch_projects/Coffee-Semantic-Segmentation/data/processed/annotations/train/1002_mask.png
/Users/aic/Documents/pythorch_projects/Coffee-Semantic-Segmentation/data/processed/images/train/596.jpg,/Users/aic/Documents/pythorch_projects/Coffee-Semantic-Segmentation/data/processed/annotations/train/596_mask.png
/Users/aic/Documents/pythorch_projects/Coffee-Semantic-Segmentation/data/processed/images/train/541.jpg,/Users/aic/Documents/pythorch_projects/Coffee-Semantic-Segmentation/data/processed/annotations/train/541_mask.png
/Users/aic/Documents/pythorch_projects/Coffee-Semantic-Segmentation/data/processed/images/train/227.jpg,/Users/aic/Documents/pythorch_projects/Coffee-Semantic-Segmentation/data/processed/annotations/train/227_mask.png
/Users/aic/Documents/pythorch_projects/Coffee-Semantic-Segmentation/data/processed/images/train/233.jpg,/Users/aic/Documents/pythorch_projects/Coffee-Semantic-Segmentation/data/processed/annotations/train/233_mask.png
/Users/aic/Documents/pythorch_projects/Coffee-Semantic-Segmentation/data/processed/images/train/555.jpg,/Users/aic/Documents/pythorch_projects/Coffee-Semantic-Segmentation/data/processed/annotations/train/555_mask.png
/Users/aic/Documents/pythorch_projects/Coffee-Semantic-Segmentation/data/processed/images/train/1228.jpg,/Users/aic/Documents/pythorch_projects/Coffee-Semantic-Segmentation/data/processed/annotations/train/1228_mask.png
/Users/aic/Documents/pythorch_projects/Coffee-Semantic-Segmentation/data/processed/images/train/757.jpg,/Users/aic/Documents/pythorch_projects/Coffee-Semantic-Segmentation/data/processed/annotations/train/757_mask.png
/Users/aic/Documents/pythorch_projects/Coffee-Semantic-Segmentation/data/processed/images/train/795.jpg,/Users/aic/Documents/pythorch_projects/Coffee-Semantic-Segmentation/data/processed/annotations/train/795_mask.png
/Users/aic/Documents/pythorch_projects/Coffee-Semantic-Segmentation/data/processed/images/train/232.jpg,/Users/aic/Documents/pythorch_projects/Coffee-Semantic-Segmentation/data/processed/annotations/train/232_mask.png
/Users/aic/Documents/pythorch_projects/Coffee-Semantic-Segmentation/data/processed/images/train/554.jpg,/Users/aic/Documents/pythorch_projects/Coffee-Semantic-Segmentation/data/processed/annotations/train/554_mask.png
/Users/aic/Documents/pythorch_projects/Coffee-Semantic-Segmentation/data/processed/images/train/597.jpg,/Users/aic/Documents/pythorch_projects/Coffee-Semantic-Segmentation/data/processed/annotations/train/597_mask.png
/Users/aic/Documents/pythorch_projects/Coffee-Semantic-Segmentation/data/processed/images/train/583.jpg,/Users/aic/Documents/pythorch_projects/Coffee-Semantic-Segmentation/data/processed/annotations/train/583_mask.png
/Users/aic/Documents/pythorch_projects/Coffee-Semantic-Segmentation/data/processed/images/train/408.jpg,/Users/aic/Documents/pythorch_projects/Coffee-Semantic-Segmentation/data/processed/annotations/train/408_mask.png
/Users/aic/Documents/pythorch_projects/Coffee-Semantic-Segmentation/data/processed/images/train/420.jpg,/Users/aic/Documents/pythorch_projects/Coffee-Semantic-Segmentation/data/processed/annotations/train/420_mask.png
/Users/aic/Documents/pythorch_projects/Coffee-Semantic-Segmentation/data/processed/images/train/434.jpg,/Users/aic/Documents/pythorch_projects/Coffee-Semantic-Segmentation/data/processed/annotations/train/434_mask.png
/Users/aic/Documents/pythorch_projects/Coffee-Semantic-Segmentation/data/processed/images/train/1639.jpg,/Users/aic/Documents/pythorch_projects/Coffee-Semantic-Segmentation/data/processed/annotations/train/1639_mask.png
/Users/aic/Documents/pythorch_projects/Coffee-Semantic-Segmentation/data/processed/images/train/178.jpg,/Users/aic/Documents/pythorch_projects/Coffee-Semantic-Segmentation/data/processed/annotations/train/178_mask.png
/Users/aic/Documents/pythorch_projects/Coffee-Semantic-Segmentation/data/processed/images/train/150.jpg,/Users/aic/Documents/pythorch_projects/Coffee-Semantic-Segmentation/data/processed/annotations/train/150_mask.png
/Users/aic/Documents/pythorch_projects/Coffee-Semantic-Segmentation/data/processed/images/train/3.jpg,/Users/aic/Documents/pythorch_projects/Coffee-Semantic-Segmentation/data/processed/annotations/train/3_mask.png
/Users/aic/Documents/pythorch_projects/Coffee-Semantic-Segmentation/data/processed/images/train/51.jpg,/Users/aic/Documents/pythorch_projects/Coffee-Semantic-Segmentation/data/processed/annotations/train/51_mask.png
/Users/aic/Documents/pythorch_projects/Coffee-Semantic-Segmentation/data/processed/images/train/839.jpg,/Users/aic/Documents/pythorch_projects/Coffee-Semantic-Segmentation/data/processed/annotations/train/839_mask.png
/Users/aic/Documents/pythorch_projects/Coffee-Semantic-Segmentation/data/processed/images/train/79.jpg,/Users/aic/Documents/pythorch_projects/Coffee-Semantic-Segmentation/data/processed/annotations/train/79_mask.png
/Users/aic/Documents/pythorch_projects/Coffee-Semantic-Segmentation/data/processed/images/train/1407.jpg,/Users/aic/Documents/pythorch_projects/Coffee-Semantic-Segmentation/data/processed/annotations/train/1407_mask.png
/Users/aic/Documents/pythorch_projects/Coffee-Semantic-Segmentation/data/processed/images/train/185.jpg,/Users/aic/Documents/pythorch_projects/Coffee-Semantic-Segmentation/data/processed/annotations/train/185_mask.png
/Users/aic/Documents/pythorch_projects/Coffee-Semantic-Segmentation/data/processed/images/train/1439.jpg,/Users/aic/Documents/pythorch_projects/Coffee-Semantic-Segmentation/data/processed/annotations/train/1439_mask.png
/Users/aic/Documents/pythorch_projects/Coffee-Semantic-Segmentation/data/processed/images/train/608.jpg,/Users/aic/Documents/pythorch_projects/Coffee-Semantic-Segmentation/data/processed/annotations/train/608_mask.png
/Users/aic/Documents/pythorch_projects/Coffee-Semantic-Segmentation/data/processed/images/train/90.jpg,/Users/aic/Documents/pythorch_projects/Coffee-Semantic-Segmentation/data/processed/annotations/train/90_mask.png
/Users/aic/Documents/pythorch_projects/Coffee-Semantic-Segmentation/data/processed/images/train/387.jpg,/Users/aic/Documents/pythorch_projects/Coffee-Semantic-Segmentation/data/processed/annotations/train/387_mask.png
/Users/aic/Documents/pythorch_projects/Coffee-Semantic-Segmentation/data/processed/images/train/344.jpg,/Users/aic/Documents/pythorch_projects/Coffee-Semantic-Segmentation/data/processed/annotations/train/344_mask.png
/Users/aic/Documents/pythorch_projects/Coffee-Semantic-Segmentation/data/processed/images/train/436.jpg,/Users/aic/Documents/pythorch_projects/Coffee-Semantic-Segmentation/data/processed/annotations/train/436_mask.png
/Users/aic/Documents/pythorch_projects/Coffee-Semantic-Segmentation/data/processed/images/train/1001.jpg,/Users/aic/Documents/pythorch_projects/Coffee-Semantic-Segmentation/data/processed/annotations/train/1001_mask.png
/Users/aic/Documents/pythorch_projects/Coffee-Semantic-Segmentation/data/processed/images/train/595.jpg,/Users/aic/Documents/pythorch_projects/Coffee-Semantic-Segmentation/data/processed/annotations/train/595_mask.png
/Users/aic/Documents/pythorch_projects/Coffee-Semantic-Segmentation/data/processed/images/train/581.jpg,/Users/aic/Documents/pythorch_projects/Coffee-Semantic-Segmentation/data/processed/annotations/train/581_mask.png
/Users/aic/Documents/pythorch_projects/Coffee-Semantic-Segmentation/data/processed/images/train/1029.jpg,/Users/aic/Documents/pythorch_projects/Coffee-Semantic-Segmentation/data/processed/annotations/train/1029_mask.png
/Users/aic/Documents/pythorch_projects/Coffee-Semantic-Segmentation/data/processed/images/train/556.jpg,/Users/aic/Documents/pythorch_projects/Coffee-Semantic-Segmentation/data/processed/annotations/train/556_mask.png
/Users/aic/Documents/pythorch_projects/Coffee-Semantic-Segmentation/data/processed/images/train/783.jpg,/Users/aic/Documents/pythorch_projects/Coffee-Semantic-Segmentation/data/processed/annotations/train/783_mask.png
/Users/aic/Documents/pythorch_projects/Coffee-Semantic-Segmentation/data/processed/images/train/967.jpg,/Users/aic/Documents/pythorch_projects/Coffee-Semantic-Segmentation/data/processed/annotations/train/967_mask.png
/Users/aic/Documents/pythorch_projects/Coffee-Semantic-Segmentation/data/processed/images/train/754.jpg,/Users/aic/Documents/pythorch_projects/Coffee-Semantic-Segmentation/data/processed/annotations/train/754_mask.png
/Users/aic/Documents/pythorch_projects/Coffee-Semantic-Segmentation/data/processed/images/train/769.jpg,/Users/aic/Documents/pythorch_projects/Coffee-Semantic-Segmentation/data/processed/annotations/train/769_mask.png
/Users/aic/Documents/pythorch_projects/Coffee-Semantic-Segmentation/data/processed/images/train/741.jpg,/Users/aic/Documents/pythorch_projects/Coffee-Semantic-Segmentation/data/processed/annotations/train/741_mask.png
/Users/aic/Documents/pythorch_projects/Coffee-Semantic-Segmentation/data/processed/images/train/755.jpg,/Users/aic/Documents/pythorch_projects/Coffee-Semantic-Segmentation/data/processed/annotations/train/755_mask.png
/Users/aic/Documents/pythorch_projects/Coffee-Semantic-Segmentation/data/processed/images/train/225.jpg,/Users/aic/Documents/pythorch_projects/Coffee-Semantic-Segmentation/data/processed/annotations/train/225_mask.png
/Users/aic/Documents/pythorch_projects/Coffee-Semantic-Segmentation/data/processed/images/train/1028.jpg,/Users/aic/Documents/pythorch_projects/Coffee-Semantic-Segmentation/data/processed/annotations/train/1028_mask.png
/Users/aic/Documents/pythorch_projects/Coffee-Semantic-Segmentation/data/processed/images/train/379.jpg,/Users/aic/Documents/pythorch_projects/Coffee-Semantic-Segmentation/data/processed/annotations/train/379_mask.png
/Users/aic/Documents/pythorch_projects/Coffee-Semantic-Segmentation/data/processed/images/train/345.jpg,/Users/aic/Documents/pythorch_projects/Coffee-Semantic-Segmentation/data/processed/annotations/train/345_mask.png
/Users/aic/Documents/pythorch_projects/Coffee-Semantic-Segmentation/data/processed/images/train/609.jpg,/Users/aic/Documents/pythorch_projects/Coffee-Semantic-Segmentation/data/processed/annotations/train/609_mask.png
/Users/aic/Documents/pythorch_projects/Coffee-Semantic-Segmentation/data/processed/images/train/85.jpg,/Users/aic/Documents/pythorch_projects/Coffee-Semantic-Segmentation/data/processed/annotations/train/85_mask.png
/Users/aic/Documents/pythorch_projects/Coffee-Semantic-Segmentation/data/processed/images/train/635.jpg,/Users/aic/Documents/pythorch_projects/Coffee-Semantic-Segmentation/data/processed/annotations/train/635_mask.png
/Users/aic/Documents/pythorch_projects/Coffee-Semantic-Segmentation/data/processed/images/train/147.jpg,/Users/aic/Documents/pythorch_projects/Coffee-Semantic-Segmentation/data/processed/annotations/train/147_mask.png
/Users/aic/Documents/pythorch_projects/Coffee-Semantic-Segmentation/data/processed/images/train/1404.jpg,/Users/aic/Documents/pythorch_projects/Coffee-Semantic-Segmentation/data/processed/annotations/train/1404_mask.png
